{"id":"a0dd19bd-8015-4e01-9f23-cee710f762fb","alias":"BrandingExtensionApplicationCustomizer","componentType":"Extension","extensionType":"ApplicationCustomizer","version":"0.0.1","manifestVersion":2,"requiresCustomScript":false,"loaderConfig":{"entryModuleId":"branding-extension-application-customizer","internalModuleBaseUrls":["<!-- PATH TO CDN -->/"],"scriptResources":{"branding-extension-application-customizer":{"type":"path","path":"branding-extension-application-customizer_e5c7a1ff4a9d131c6aa424a786dc4178.js"},"@microsoft/sp-application-base":{"type":"component","version":"1.9.1","id":"4df9bb86-ab0a-4aab-ab5f-48bf167048fb"},"@microsoft/decorators":{"type":"component","version":"1.9.1","id":"f97266fb-ccb7-430e-9384-4124d05295d3"}}}}