{"name":"b9dad41b-b1d4-470b-947e-083f90f27b18","id":"/providers/Microsoft.Flow/flows/b9dad41b-b1d4-470b-947e-083f90f27b18","type":"Microsoft.Flow/flows","properties":{"apiId":"/providers/Microsoft.PowerApps/apis/shared_logicflows","displayName":"Check Broken Links","definition":{"metadata":{"workflowEntityId":null,"processAdvisorMetadata":null,"flowclientsuspensionreason":"None","flowclientsuspensiontime":null,"creator":{"id":"be7f6a61-71ec-4e63-8609-3e2cb740dc75","type":"User","tenantId":"32292181-0169-456b-b0a4-95fa4c5773a4"},"provisioningMethod":"FromDefinition","failureAlertSubscription":true,"clientLastModifiedTime":"2021-07-14T13:22:15.5472159Z"},"$schema":"https://schema.management.azure.com/providers/Microsoft.Logic/schemas/2016-06-01/workflowdefinition.json#","contentVersion":"1.0.0.0","parameters":{"$connections":{"defaultValue":{},"type":"Object"},"$authentication":{"defaultValue":{},"type":"SecureObject"}},"triggers":{"When_a_file_is_created_or_modified_(properties_only)":{"recurrence":{"frequency":"Minute","interval":3},"splitOn":"@triggerOutputs()?['body/value']","type":"OpenApiConnection","inputs":{"host":{"apiId":"/providers/Microsoft.PowerApps/apis/shared_sharepointonline","connectionName":"shared_sharepointonline","operationId":"GetOnUpdatedFileItems"},"parameters":{"dataset":"https://m365x765471.sharepoint.com/","table":"Site Pages"},"authentication":"@parameters('$authentication')"}}},"actions":{"Initialize_SharePointTenantName_variable":{"runAfter":{},"type":"InitializeVariable","inputs":{"variables":[{"name":"SharePointTenantName","type":"string","value":"m365x765471"}]}},"Initialize_SiteURL_variable":{"runAfter":{"Initialize_SharePointTenantURL_variable":["Succeeded"]},"type":"InitializeVariable","inputs":{"variables":[{"name":"SiteURL","type":"string","value":"https://m365x765471.sharepoint.com/"}]}},"Initialize_BrokenLinks_variable":{"runAfter":{"Initialize_SiteURL_variable":["Succeeded"]},"type":"InitializeVariable","inputs":{"variables":[{"name":"BrokenLinks","type":"array"}]}},"Initialize_SharePointTenantURL_variable":{"runAfter":{"Initialize_SharePointTenantName_variable":["Succeeded"]},"type":"InitializeVariable","inputs":{"variables":[{"name":"SharePointTenantURL","type":"string","value":"https://m365x765471.sharepoint.com"}]}},"Check_page_version_number":{"actions":{"Get_item_from_broken_links_list":{"runAfter":{},"type":"OpenApiConnection","inputs":{"host":{"apiId":"/providers/Microsoft.PowerApps/apis/shared_sharepointonline","connectionName":"shared_sharepointonline","operationId":"GetItems"},"parameters":{"dataset":"@variables('SiteURL')","table":"Broken Links","$filter":"PageId eq '@{triggerOutputs()?['body/ID']}'"},"authentication":"@parameters('$authentication')"},"description":"Get the item for this page in the broken links list."},"Check_broken_link_item_status":{"actions":{"Get_page_content":{"runAfter":{},"type":"OpenApiConnection","inputs":{"host":{"apiId":"/providers/Microsoft.PowerApps/apis/shared_sharepointonline","connectionName":"shared_sharepointonline","operationId":"HttpRequest"},"parameters":{"dataset":"@variables('SiteURL')","parameters/method":"GET","parameters/uri":"_api/web/lists/GetByTitle('Site%20Pages')/items(@{triggerOutputs()?['body/ID']})/CanvasContent1"},"authentication":"@parameters('$authentication')"}},"Parse_page_content_JSON":{"runAfter":{"Get_page_content":["Succeeded"]},"type":"ParseJson","inputs":{"content":"@outputs('Get_page_content')?['body']","schema":{"type":"object","properties":{"type":{"type":"string"},"properties":{"type":"object","properties":{"d":{"type":"object","properties":{"type":{"type":"string"},"properties":{"type":"object","properties":{"CanvasContent1":{"type":"object","properties":{"type":{"type":"string"}}}}}}}}}}}}},"Convert_page_content_to_plain_text":{"runAfter":{"Parse_page_content_JSON":["Succeeded"]},"type":"OpenApiConnection","inputs":{"host":{"apiId":"/providers/Microsoft.PowerApps/apis/shared_conversionservice","connectionName":"shared_conversionservice","operationId":"HtmlToText"},"parameters":{"Content":"<p>@{body('Parse_page_content_JSON')?['d']?['CanvasContent1']}</p>"},"authentication":"@parameters('$authentication')"}},"Extract_possible_links":{"runAfter":{"Convert_page_content_to_plain_text":["Succeeded"]},"type":"Compose","inputs":"@split(outputs('Convert_page_content_to_plain_text')?['body'],'[')"},"Loop_through_possible_links":{"foreach":"@outputs('Extract_possible_links')","actions":{"Check_if_link_contains_a_title":{"actions":{"Extract_link":{"runAfter":{},"type":"Compose","inputs":"@substring(item(),0,indexOf(item(),']'))","description":"Extract the link by removing the remaining characters after the ] character."},"Check_if_this_is_a_SharePoint_link":{"actions":{"Get_link_content_-_file":{"runAfter":{},"type":"OpenApiConnection","inputs":{"host":{"apiId":"/providers/Microsoft.PowerApps/apis/shared_sharepointonline","connectionName":"shared_sharepointonline","operationId":"GetFileMetadataByPath"},"parameters":{"dataset":"@variables('SiteURL')","path":"@outputs('Extract_link')"},"authentication":"@parameters('$authentication')"},"description":"Try to get the content at the link path, this assumes the link is to a file."},"Send_http_request_to_link_-_site":{"runAfter":{"Get_link_content_-_file":["Failed"]},"type":"OpenApiConnection","inputs":{"host":{"apiId":"/providers/Microsoft.PowerApps/apis/shared_sharepointonline","connectionName":"shared_sharepointonline","operationId":"HttpRequest"},"parameters":{"dataset":"@{variables('SharePointTenantURL')}@{outputs('Extract_link')}","parameters/method":"GET","parameters/uri":"_api/web"},"retryPolicy":{"type":"none"},"authentication":"@parameters('$authentication')"},"description":"Use the send http request to SharePoint action to send a request to the link source. This assumes the link is to a site and not a file."},"Append_to_BrokenLinks_variable_-_SharePoint_link":{"runAfter":{"Send_http_request_to_link_-_site":["Failed"]},"type":"AppendToArrayVariable","inputs":{"name":"BrokenLinks","value":"@outputs('Extract_link')"}}},"runAfter":{"Extract_link":["Succeeded"]},"else":{"actions":{"Send_http_request_to_the_link_source":{"runAfter":{},"type":"Http","inputs":{"method":"GET","uri":"@{outputs('Extract_link')}","retryPolicy":{"type":"none"}}},"Append_to_BrokenLinks_variable_":{"runAfter":{"Send_http_request_to_the_link_source":["Failed"]},"type":"AppendToArrayVariable","inputs":{"name":"BrokenLinks","value":"@outputs('Extract_link')"}}}},"expression":{"or":[{"contains":["@outputs('Extract_link')","@variables('SharePointTenantName')"]},{"equals":["@startsWith(outputs('Extract_link'),'/')","@true"]}]},"type":"If","description":"Check if the link source is a relative link on the current site or other content in the same SharePoint tenant. We will need to use the Send HTTP request to SharePoint action for SharePoint links which will handle authentication for us."}},"runAfter":{},"expression":{"equals":["@contains(item(),']')","@true"]},"type":"If","description":"Title will appear after the link so we need to find the last ] and remove the rest of the characters from the string. This will leave the link only."}},"runAfter":{"Extract_possible_links":["Succeeded"]},"type":"Foreach"},"Check_if_BrokenLinks_array_contains_items":{"actions":{"Check_if_a_broken_link_item_was_found":{"actions":{"Update_item_in_broken_links_list":{"runAfter":{},"type":"OpenApiConnection","inputs":{"host":{"apiId":"/providers/Microsoft.PowerApps/apis/shared_sharepointonline","connectionName":"shared_sharepointonline","operationId":"PatchItem"},"parameters":{"dataset":"@variables('SiteURL')","table":"Broken Links","id":"@first(outputs('Get_item_from_broken_links_list')?['body/value'])?['ID']","item":{"PageTitle":"@triggerOutputs()?['body/Title']","Status":{"Value":"Pending Validation"},"Links":"@join(variables('BrokenLinks'),';')","PageId":"@triggerOutputs()?['body/ID']","PageAuthor":{"Claims":"@{triggerOutputs()?['body/Author/Claims']}"}}},"authentication":"@parameters('$authentication')"}}},"runAfter":{},"else":{"actions":{"Create_item_in_broken_links_list":{"runAfter":{},"type":"OpenApiConnection","inputs":{"host":{"apiId":"/providers/Microsoft.PowerApps/apis/shared_sharepointonline","connectionName":"shared_sharepointonline","operationId":"PostItem"},"parameters":{"dataset":"@variables('SiteURL')","table":"Broken Links","item":{"PageTitle":"@triggerOutputs()?['body/Title']","Status":{"Value":"Pending Validation"},"Links":"@join(variables('BrokenLinks'),';')","PageId":"@triggerOutputs()?['body/ID']","PageAuthor":{"Claims":"@{triggerOutputs()?['body/Author/Claims']}"}}},"authentication":"@parameters('$authentication')"}}}},"expression":{"greater":["@length(outputs('Get_item_from_broken_links_list')?['body/value'])",0]},"type":"If","description":"Update the existing broken link list item if one already exists otherwise create a new item."}},"runAfter":{"Loop_through_possible_links":["Succeeded"]},"expression":{"greater":["@length(variables('BrokenLinks'))",0]},"type":"If"}},"runAfter":{"Get_item_from_broken_links_list":["Succeeded"]},"expression":{"or":[{"equals":["@length(outputs('Get_item_from_broken_links_list')?['body/value'])",0]},{"not":{"equals":["@first(outputs('Get_item_from_broken_links_list')?['body/value'])?['Status']?['Value']","Pending Validation"]}}]},"type":"If","description":"Check if an item for this page was found in the broken links list. If an item was found, check that it is in 'Pending Validation' status. We will only create new items for pages that have not been validated or where validation is complete."}},"runAfter":{"Initialize_BrokenLinks_variable":["Succeeded"]},"expression":{"endsWith":["@triggerOutputs()?['body/{VersionNumber}']",".0"]},"type":"If","description":"Check that the page is published. We want to check for broken links when the author publishes the page to ensure we have all possible links in the page."}}},"connectionReferences":{"shared_sharepointonline":{"connectionName":"0c43331dd47d408186f1d27fde7b4211","source":"Embedded","id":"/providers/Microsoft.PowerApps/apis/shared_sharepointonline","tier":"NotSpecified"},"shared_conversionservice":{"connectionName":"shared-conversionser-938af08b-84ac-4d9a-84ab-0e93-db315fe7","source":"Embedded","id":"/providers/Microsoft.PowerApps/apis/shared_conversionservice","tier":"NotSpecified"}},"flowFailureAlertSubscribed":false}}